{"name":"b8217254-5c7b-4fe4-b63f-e6cc2cfdca9a","id":"/providers/Microsoft.Flow/flows/b8217254-5c7b-4fe4-b63f-e6cc2cfdca9a","type":"Microsoft.Flow/flows","properties":{"apiId":"/providers/Microsoft.PowerApps/apis/shared_logicflows","displayName":"Quand un fichier est créé (propriétés uniquement) -> Condition,Obte...","definition":{"metadata":{"workflowEntityId":null,"processAdvisorMetadata":null,"flowChargedByPaygo":null,"flowclientsuspensionreason":"None","flowclientsuspensiontime":null,"flowclientsuspensionreasondetails":null,"creator":{"id":"d36ea472-ac2b-4bc7-a04e-e601dd407299","type":"User","tenantId":"5016feea-b6ad-4017-aa7b-03ae57220502"},"provisioningMethod":"FromDefinition","failureAlertSubscription":true,"clientLastModifiedTime":"2025-11-21T14:21:22.5905667Z","connectionKeySavedTimeKey":"2025-11-21T14:21:22.5905667Z","creationSource":"Portal","modifiedSources":"Portal"},"$schema":"https://schema.management.azure.com/providers/Microsoft.Logic/schemas/2016-06-01/workflowdefinition.json#","contentVersion":"1.0.0.0","parameters":{"$authentication":{"defaultValue":{},"type":"SecureObject"},"$connections":{"defaultValue":{},"type":"Object"}},"triggers":{"Quand_un_fichier_est_créé_(propriétés_uniquement)":{"recurrence":{"frequency":"Minute","interval":1},"evaluatedRecurrence":{"frequency":"Minute","interval":1},"splitOn":"@triggerOutputs()?['body/value']","type":"OpenApiConnection","inputs":{"parameters":{"dataset":"https://utopios.sharepoint.com/sites/SUPPORT-Formations","table":"36bd895c-c2da-4382-a1e8-521495e3d5a2","folderPath":"/Documents partages/powerautomate"},"host":{"apiId":"/providers/Microsoft.PowerApps/apis/shared_sharepointonline","connectionName":"shared_sharepointonline","operationId":"GetOnNewFileItems"},"authentication":"@parameters('$authentication')"}}},"actions":{"Condition":{"actions":{"Envoyer_un_e-mail_(V2)":{"type":"OpenApiConnection","inputs":{"parameters":{"emailMessage/To":"@triggerBody()?['Author/Email']","emailMessage/Subject":"Refus","emailMessage/Body":"<p class=\"editor-paragraph\">Bonjour,</p><br><p class=\"editor-paragraph\">Votre fichier dépasse 10 MB</p>","emailMessage/Importance":"Normal"},"host":{"apiId":"/providers/Microsoft.PowerApps/apis/shared_office365","connectionName":"shared_office365","operationId":"SendEmailV2"},"authentication":"@parameters('$authentication')"}}},"runAfter":{"Obtenir_les_métadonnées_du_fichier":["Succeeded"]},"else":{"actions":{"Démarrer_et_attendre_une_approbation":{"runAfter":{"Obtenir_le_responsable_(V2)":["Succeeded"]},"type":"OpenApiConnectionWebhook","inputs":{"parameters":{"approvalType":"CustomResponse","WebhookApprovalCreationInput/responseOptions":["validé","refusé"],"WebhookApprovalCreationInput/title":"Validation d'un fichier","WebhookApprovalCreationInput/assignedTo":"@outputs('Obtenir_le_responsable_(V2)')?['body/mail']","WebhookApprovalCreationInput/enableNotifications":true,"WebhookApprovalCreationInput/enableReassignment":true},"host":{"apiId":"/providers/Microsoft.PowerApps/apis/shared_approvals","connectionName":"shared_approvals","operationId":"StartAndWaitForAnApproval"},"authentication":"@parameters('$authentication')"}},"Obtenir_le_responsable_(V2)":{"type":"OpenApiConnection","inputs":{"parameters":{"id":"@triggerBody()?['Author/Claims']"},"host":{"apiId":"/providers/Microsoft.PowerApps/apis/shared_office365users","connectionName":"shared_office365users","operationId":"Manager_V2"},"authentication":"@parameters('$authentication')"}},"Condition_1":{"actions":{"Déplacer_le_fichier":{"type":"OpenApiConnection","inputs":{"parameters":{"dataset":"https://utopios.sharepoint.com/sites/SUPPORT-Formations","parameters/sourceFileId":"@triggerBody()?['{Identifier}']","parameters/destinationDataset":"https://utopios.sharepoint.com/sites/SUPPORT-Formations","parameters/destinationFolderPath":"/Documents partages/01_Présentation de cursus","parameters/nameConflictBehavior":2},"host":{"apiId":"/providers/Microsoft.PowerApps/apis/shared_sharepointonline","connectionName":"shared_sharepointonline","operationId":"MoveFileAsync"},"authentication":"@parameters('$authentication')"}}},"runAfter":{"Démarrer_et_attendre_une_approbation":["Succeeded"]},"else":{"actions":{"Envoyer_un_e-mail_(V2)_1":{"type":"OpenApiConnection","inputs":{"parameters":{"emailMessage/To":"@triggerBody()?['Author/Email']","emailMessage/Subject":"Refus par manager","emailMessage/Body":"<p class=\"editor-paragraph\">Bonjour,</p><br><p class=\"editor-paragraph\">Ton manager a refusé le fichier.</p><br><br>","emailMessage/Importance":"Normal"},"host":{"apiId":"/providers/Microsoft.PowerApps/apis/shared_office365","connectionName":"shared_office365","operationId":"SendEmailV2"},"authentication":"@parameters('$authentication')"}}}},"expression":{"and":[{"equals":["@outputs('Démarrer_et_attendre_une_approbation')?['body/outcome']","validé"]}]},"type":"If"}}},"expression":{"and":[{"greaterOrEquals":["@div(outputs('Obtenir_les_métadonnées_du_fichier')?['body/Size'], 1048576)",10]}]},"type":"If"},"Obtenir_les_métadonnées_du_fichier":{"runAfter":{},"type":"OpenApiConnection","inputs":{"parameters":{"dataset":"https://utopios.sharepoint.com/sites/SUPPORT-Formations","id":"@triggerBody()?['{Identifier}']"},"host":{"apiId":"/providers/Microsoft.PowerApps/apis/shared_sharepointonline","connectionName":"shared_sharepointonline","operationId":"GetFileMetadata"},"authentication":"@parameters('$authentication')"}}},"outputs":{}},"connectionReferences":{"shared_sharepointonline":{"connectionName":"shared-sharepointonl-8e98a6f4-59e0-496b-998c-08947993c337","source":"Embedded","id":"/providers/Microsoft.PowerApps/apis/shared_sharepointonline","tier":"NotSpecified","apiName":"sharepointonline","isProcessSimpleApiReferenceConversionAlreadyDone":false},"shared_office365":{"connectionName":"shared-office365-547a476e-086d-4511-95dd-c5b91858d790","source":"Embedded","id":"/providers/Microsoft.PowerApps/apis/shared_office365","tier":"NotSpecified","apiName":"office365","isProcessSimpleApiReferenceConversionAlreadyDone":false},"shared_approvals":{"connectionName":"shared-approvals-acacff6e-d7bc-46ab-8343-88cfbec2f660","source":"Embedded","id":"/providers/Microsoft.PowerApps/apis/shared_approvals","tier":"NotSpecified","apiName":"approvals","isProcessSimpleApiReferenceConversionAlreadyDone":false},"shared_office365users":{"connectionName":"shared-office365user-24704ad6-9683-459b-9068-056469ba6fa6","source":"Embedded","id":"/providers/Microsoft.PowerApps/apis/shared_office365users","tier":"NotSpecified","apiName":"office365users","isProcessSimpleApiReferenceConversionAlreadyDone":false}},"flowFailureAlertSubscribed":false,"isManaged":false}}