{"name":"c16ca358-7a57-47fb-af7e-f06621f81150","id":"/providers/Microsoft.Flow/flows/c16ca358-7a57-47fb-af7e-f06621f81150","type":"Microsoft.Flow/flows","properties":{"apiId":"/providers/Microsoft.PowerApps/apis/shared_logicflows","displayName":"exercice_1","definition":{"metadata":{"workflowEntityId":null,"processAdvisorMetadata":null,"flowChargedByPaygo":null,"flowclientsuspensionreason":"None","flowclientsuspensiontime":null,"flowclientsuspensionreasondetails":null,"creator":{"id":"d36ea472-ac2b-4bc7-a04e-e601dd407299","type":"User","tenantId":"5016feea-b6ad-4017-aa7b-03ae57220502"},"provisioningMethod":"FromDefinition","failureAlertSubscription":true,"clientLastModifiedTime":"2025-11-21T13:03:39.8931947Z","connectionKeySavedTimeKey":"2025-11-21T13:03:39.8931947Z","creationSource":"Portal","modifiedSources":"Portal"},"$schema":"https://schema.management.azure.com/providers/Microsoft.Logic/schemas/2016-06-01/workflowdefinition.json#","contentVersion":"1.0.0.0","parameters":{"$authentication":{"defaultValue":{},"type":"SecureObject"},"$connections":{"defaultValue":{},"type":"Object"}},"triggers":{"Quand_un_fichier_est_créé_(propriétés_uniquement)":{"recurrence":{"frequency":"Minute","interval":5},"evaluatedRecurrence":{"frequency":"Minute","interval":5},"splitOn":"@triggerOutputs()?['body/value']","metadata":{"operationMetadataId":"7916ad6e-932e-4276-ad70-ab327f2c831b"},"type":"OpenApiConnection","inputs":{"parameters":{"dataset":"https://utopios.sharepoint.com/sites/SUPPORT-Formations","table":"36bd895c-c2da-4382-a1e8-521495e3d5a2","folderPath":"/Documents partages/powerautomate"},"host":{"apiId":"/providers/Microsoft.PowerApps/apis/shared_sharepointonline","connectionName":"shared_sharepointonline","operationId":"GetOnNewFileItems"},"authentication":"@parameters('$authentication')"}}},"actions":{"Obtenir_le_contenu_du_fichier":{"runAfter":{},"metadata":{"operationMetadataId":"db7d8c1f-4e38-45be-b55e-6fc83597701e"},"type":"OpenApiConnection","inputs":{"parameters":{"dataset":"https://utopios.sharepoint.com/sites/SUPPORT-Formations","id":"@triggerBody()?['{Identifier}']","inferContentType":false},"host":{"apiId":"/providers/Microsoft.PowerApps/apis/shared_sharepointonline","connectionName":"shared_sharepointonline","operationId":"GetFileContent"},"authentication":"@parameters('$authentication')"}},"Condition":{"actions":{"Envoyer_un_e-mail_(V2)":{"metadata":{"operationMetadataId":"f698a8a5-bc96-494f-8617-385ae47527a3"},"type":"OpenApiConnection","inputs":{"parameters":{"emailMessage/To":"ihab@utopios.net","emailMessage/Subject":"un nouveau fichier @{triggerBody()?['Title']}","emailMessage/Body":"<p class=\"editor-paragraph\">Bonjour,</p><br><p class=\"editor-paragraph\">Un nouveau fichier a été ajouté.</p><br><p class=\"editor-paragraph\">Ihab</p>","emailMessage/Attachments":[{"Name":"@{triggerOutputs()?['body/{FilenameWithExtension}']}","ContentBytes":"@base64ToBinary(outputs('Obtenir_le_contenu_du_fichier')?['body']?['$content'])"}],"emailMessage/Importance":"Normal"},"host":{"apiId":"/providers/Microsoft.PowerApps/apis/shared_office365","connectionName":"shared_office365","operationId":"SendEmailV2"},"authentication":"@parameters('$authentication')"}}},"runAfter":{"Obtenir_le_contenu_du_fichier":["Succeeded"]},"else":{"actions":{}},"expression":{"and":[{"equals":["@toLower(last(split(triggerBody()?['{FilenameWithExtension}'], '.')))","pdf"]}]},"type":"If"}},"outputs":{}},"connectionReferences":{"shared_sharepointonline":{"connectionName":"shared-sharepointonl-8e98a6f4-59e0-496b-998c-08947993c337","source":"Embedded","id":"/providers/Microsoft.PowerApps/apis/shared_sharepointonline","tier":"NotSpecified","apiName":"sharepointonline","isProcessSimpleApiReferenceConversionAlreadyDone":false},"shared_office365":{"connectionName":"shared-office365-547a476e-086d-4511-95dd-c5b91858d790","source":"Embedded","id":"/providers/Microsoft.PowerApps/apis/shared_office365","tier":"NotSpecified","apiName":"office365","isProcessSimpleApiReferenceConversionAlreadyDone":false}},"flowFailureAlertSubscribed":false,"isManaged":false}}